-- phpMyAdmin SQL Dump
-- version 3.2.0.1
-- http://www.phpmyadmin.net
--
-- Serveur: localhost
-- Généré le : Sam 10 Décembre 2022 à 23:26
-- Version du serveur: 5.1.36
-- Version de PHP: 5.3.0

SET SQL_MODE="NO_AUTO_VALUE_ON_ZERO";

--
-- Base de données: `ecom`
--

-- --------------------------------------------------------

--
-- Structure de la table `categories`
--

CREATE TABLE IF NOT EXISTS `categories` (
  `idCategorie` int(11) NOT NULL AUTO_INCREMENT,
  `nomCategorie` varchar(255) NOT NULL,
  PRIMARY KEY (`idCategorie`)
) ENGINE=MyISAM  DEFAULT CHARSET=latin1 AUTO_INCREMENT=5 ;

--
-- Contenu de la table `categories`
--

INSERT INTO `categories` (`idCategorie`, `nomCategorie`) VALUES
(1, 'abaya'),
(2, 'sacoche'),
(3, 'chaussure'),
(4, 'voile');

-- --------------------------------------------------------

--
-- Structure de la table `produits`
--

CREATE TABLE IF NOT EXISTS `produits` (
  `idProduit` int(11) NOT NULL AUTO_INCREMENT,
  `nomProduit` varchar(255) NOT NULL,
  `descriptionProduit` text NOT NULL,
  `prix` int(11) NOT NULL,
  `imageProduit` varchar(255) NOT NULL,
  `idCategorie` int(11) NOT NULL,
  `marque` varchar(255) NOT NULL,
  PRIMARY KEY (`idProduit`)
) ENGINE=MyISAM  DEFAULT CHARSET=latin1 AUTO_INCREMENT=69 ;

--
-- Contenu de la table `produits`
--

INSERT INTO `produits` (`idProduit`, `nomProduit`, `descriptionProduit`, `prix`, `imageProduit`, `idCategorie`, `marque`) VALUES
(1, 'abaya1', 'Lorem, ipsum dolor sit amet consectetur adipisicing elit. Harum iusto, voluptatibus sit quos ipsam distinctio sed rem officiis fugiat commodi voluptas repellendus reiciendis ex quod magnam totam nihil libero. Ut.Lorem, ipsum dolor sit amet consectetur adipisicing elit. Harum iusto, voluptatibus sit quos ipsam distinctio sed rem officiis fugiat commodi voluptas repellendus reiciendis ex quod magnam totam nihil libero. Ut.', 17500, 'b1.jpg b2.jpg b3.jpg b4.jpg b5.jpg b6.jpg', 1, 'turque'),
(2, 'abaya2', 'Lorem, ipsum dolor sit amet consectetur adipisicing elit. Harum iusto, voluptatibus sit quos ipsam distinctio sed rem officiis fugiat commodi voluptas repellendus reiciendis ex quod magnam totam nihil libero. Ut.Lorem, ipsum dolor sit amet consectetur adipisicing elit. Harum iusto, voluptatibus sit quos ipsam distinctio sed rem officiis fugiat commodi voluptas repellendus reiciendis ex quod magnam totam nihil libero. Ut.', 15500, 'beige1.jpg beige2.jpg beige3.jpg beige4.jpg beige5.jpg beige6.jpg', 1, 'chine'),
(13, 'abaya8', 'Lorem ipsum, dolor sit amet consectetur adipisicing elit. Neque velit odit corporis maiores, eligendi quod optio distinctio eum expedita fugit quia, quisquam amet consectetur soluta, nesciunt similique doloribus? Velit, illo?Lorem ipsum, dolor sit amet consectetur adipisicing elit. Neque velit odit corporis maiores, eligendi quod optio distinctio eum expedita fugit quia, quisquam amet consectetur soluta, nesciunt similique doloribus? Velit, illo?', 12000, 'g1.jpg g2.jpg g3.jpg g4.jpg g5.jpg g6.jpg', 1, 'chine'),
(18, 'abaya15', 'Lorem ipsum dolor sit amet consectetur adipisicing elit. Aut aperiam soluta nostrum molestiae ad necessitatibus, culpa, molestias placeat dolorem unde incidunt autem, repellat perspiciatis iste aliquid odit praesentium earum deserunt.Lorem ipsum dolor sit amet consectetur adipisicing elit. Aut aperiam soluta nostrum molestiae ad necessitatibus, culpa, molestias placeat dolorem unde incidunt autem, repellat perspiciatis iste aliquid odit praesentium earum deserunt.', 30000, 'chb1.jpg chb2.jpg chb3.jpg chb4.jpg chb5.jpg chb6.jpg', 1, 'turque'),
(19, 'abaya16', 'Lorem ipsum dolor sit amet consectetur adipisicing elit. Aut aperiam soluta nostrum molestiae ad necessitatibus, culpa, molestias placeat dolorem unde incidunt autem, repellat perspiciatis iste aliquid odit praesentium earum deserunt.Lorem ipsum dolor sit amet consectetur adipisicing elit. Aut aperiam soluta nostrum molestiae ad necessitatibus, culpa, molestias placeat dolorem unde incidunt autem, repellat perspiciatis iste aliquid odit praesentium earum deserunt.', 15000, 'j1.jpg j2.jpg j3.jpg j4.jpg j5.jpg j6.jpg', 1, 'chine'),
(20, 'abaya12', 'Lorem ipsum dolor sit amet consectetur adipisicing elit. Aut aperiam soluta nostrum molestiae ad necessitatibus, culpa, molestias placeat dolorem unde incidunt autem, repellat perspiciatis iste aliquid odit praesentium earum deserunt.Lorem ipsum dolor sit amet consectetur adipisicing elit. Aut aperiam soluta nostrum molestiae ad necessitatibus, culpa, molestias placeat dolorem unde incidunt autem, repellat perspiciatis iste aliquid odit praesentium earum deserunt.', 17000, 'n1.jpg n2.jpg n3.jpg n4.jpg n5.jpg n6.jpg', 1, 'chine'),
(21, 'abaya13', 'Lorem ipsum dolor sit amet consectetur adipisicing elit. Aut aperiam soluta nostrum molestiae ad necessitatibus, culpa, molestias placeat dolorem unde incidunt autem, repellat perspiciatis iste aliquid odit praesentium earum deserunt.Lorem ipsum dolor sit amet consectetur adipisicing elit. Aut aperiam soluta nostrum molestiae ad necessitatibus, culpa, molestias placeat dolorem unde incidunt autem, repellat perspiciatis iste aliquid odit praesentium earum deserunt.', 17500, 'r1.jpg r2.jpg r3.jpg r4.jpg r5.jpg r6.jpg', 1, 'chine'),
(22, 'abaya14', 'Lorem ipsum dolor sit amet consectetur adipisicing elit. Aut aperiam soluta nostrum molestiae ad necessitatibus, culpa, molestias placeat dolorem unde incidunt autem, repellat perspiciatis iste aliquid odit praesentium earum deserunt.Lorem ipsum dolor sit amet consectetur adipisicing elit. Aut aperiam soluta nostrum molestiae ad necessitatibus, culpa, molestias placeat dolorem unde incidunt autem, repellat perspiciatis iste aliquid odit praesentium earum deserunt.', 25000, 'o1.jpg o1.jpg o1.jpg o1.jpg o1.jpg o1.jpg', 1, 'turque'),
(11, 'abaya3', 'orem ipsum dolor sit amet consectetur adipisicing elit. Sequi maxime corrupti omnis repellendus debitis consequatur alias adipisci corporis rem at distinctio facere molestias soluta suscipit fugit ea repellat, obcaecati ipsam?orem ipsum dolor sit amet consectetur adipisicing elit. Sequi maxime corrupti omnis repellendus debitis consequatur alias adipisci corporis rem at distinctio facere molestias soluta suscipit fugit ea repellat, obcaecati ipsam?', 30000, 'bl1.jpg bl2.jpg bl3.jpg bl4.jpg bl5.jpg bl6.jpg', 1, 'turque'),
(32, 'abaya17', ' Lorem ipsum dolor sit amet, consectetur adipisicing elit. Cum, aperiam quibusdam? Quaerat blanditiis non earum ipsam necessitatibus? Eos aspernatur non, fuga est voluptatum tempore maxime illo iste magni debitis. Libero. Lorem ipsum dolor sit amet, consectetur adipisicing elit. Cum, aperiam quibusdam? Quaerat blanditiis non earum ipsam necessitatibus? Eos aspernatur non, fuga est voluptatum tempore maxime illo iste magni debitis. Libero.', 15000, 'abrose1.jpg abrose2.jpg abrose3.jpg abrose4.jpg abrose5.jpg abrose6.jpg', 1, 'chine'),
(34, 'sacoche turque', 'Lorem ipsum, dolor sit amet consectetur adipisicing elit. Repellendus fuga soluta perspiciatis maxime qui veniam, hic recusandae, molestias consequatur dicta dolor perferendis praesentium aspernatur eaque reiciendis repellat officiis possimus. Minima.Lorem ipsum, dolor sit amet consectetur adipisicing elit. Repellendus fuga soluta perspiciatis maxime qui veniam, hic recusandae, molestias consequatur dicta dolor perferendis praesentium aspernatur eaque reiciendis repellat officiis possimus. Minima.', 6500, 's11.jpg s12.jpg s13.jpg s14.jpg s15.jpg s16.jpg', 2, 'turque'),
(25, 'abaya22', 'Lorem, ipsum dolor sit amet consectetur adipisicing elit. A modi error sed, autem laborum est tempora. Enim, doloremque! Possimus quos soluta veritatis! Architecto fugiat temporibus, fuga maiores libero debitis aspernatur!Lorem, ipsum dolor sit amet consectetur adipisicing elit. A modi error sed, autem laborum est tempora. Enim, doloremque! Possimus quos soluta veritatis! Architecto fugiat temporibus, fuga maiores libero debitis aspernatur!', 22000, 'v1.jpg v2.jpg v3.jpg v4.jpg v5.jpg v6.jpg', 1, 'turque'),
(26, 'sacoche1', 'Lorem, ipsum dolor sit amet consectetur adipisicing elit. A modi error sed, autem laborum est tempora. Enim, doloremque! Possimus quos soluta veritatis! Architecto fugiat temporibus, fuga maiores libero debitis aspernatur!Lorem, ipsum dolor sit amet consectetur adipisicing elit. A modi error sed, autem laborum est tempora. Enim, doloremque! Possimus quos soluta veritatis! Architecto fugiat temporibus, fuga maiores libero debitis aspernatur!', 7000, 'sac1.jpg sac2.jpg sac3.jpg sac4.jpg sac5.jpg sac6.jpg', 2, 'dubai'),
(33, 'abaya18', 'Lorem ipsum, dolor sit amet consectetur adipisicing elit. Repellendus fuga soluta perspiciatis maxime qui veniam, hic recusandae, molestias consequatur dicta dolor perferendis praesentium aspernatur eaque reiciendis repellat officiis possimus. Minima.Lorem ipsum, dolor sit amet consectetur adipisicing elit. Repellendus fuga soluta perspiciatis maxime qui veniam, hic recusandae, molestias consequatur dicta dolor perferendis praesentium aspernatur eaque reiciendis repellat officiis possimus. Minima.', 18000, 'vert2.jpg vert4.jpg vert3.jpg vert4.jpg vert5.jpg vert6.jpg', 1, 'chine'),
(58, 'voile turque', 'Lorem ipsum dolor sit amet consectetur, adipisicing elit. Hic sint possimus fugit, ipsam consequuntur distinctio quaerat! Aperiam, ipsum incidunt. Sapiente voluptatem doloribus ducimus itaque reiciendis culpa ab fuga nesciunt! Nostrum?Lorem ipsum dolor sit amet consectetur, adipisicing elit. Hic sint possimus fugit, ipsam consequuntur distinctio quaerat! Aperiam, ipsum incidunt. Sapiente voluptatem doloribus ducimus itaque reiciendis culpa ab fuga nesciunt! Nostrum?', 10000, 'vi21.jpg vi22.jpg vi23.jpg vi24.jpg vi25.jpg vi26.jpg', 4, 'turque'),
(57, 'voile turque', 'Lorem ipsum dolor sit amet consectetur, adipisicing elit. Hic sint possimus fugit, ipsam consequuntur distinctio quaerat! Aperiam, ipsum incidunt. Sapiente voluptatem doloribus ducimus itaque reiciendis culpa ab fuga nesciunt! Nostrum?Lorem ipsum dolor sit amet consectetur, adipisicing elit. Hic sint possimus fugit, ipsam consequuntur distinctio quaerat! Aperiam, ipsum incidunt. Sapiente voluptatem doloribus ducimus itaque reiciendis culpa ab fuga nesciunt! Nostrum?', 10000, 'vi11.jpg vi12.jpg vi13.jpg vi14.jpg vi15.jpg vi16.jpg', 4, 'turque'),
(30, 'voile1', 'Lorem, ipsum dolor sit amet consectetur adipisicing elit. A modi error sed, autem laborum est tempora. Enim, doloremque! Possimus quos soluta veritatis! Architecto fugiat temporibus, fuga maiores libero debitis aspernatur!Lorem, ipsum dolor sit amet consectetur adipisicing elit. A modi error sed, autem laborum est tempora. Enim, doloremque! Possimus quos soluta veritatis! Architecto fugiat temporibus, fuga maiores libero debitis aspernatur!', 12000, 'voile1.jpg voile2.jpg voile3.jpg voile4.jpg voile5.jpg voile6.jpg', 4, 'turque'),
(31, 'voile2', 'Lorem, ipsum dolor sit amet consectetur adipisicing elit. A modi error sed, autem laborum est tempora. Enim, doloremque! Possimus quos soluta veritatis! Architecto fugiat temporibus, fuga maiores libero debitis aspernatur!Lorem, ipsum dolor sit amet consectetur adipisicing elit. A modi error sed, autem laborum est tempora. Enim, doloremque! Possimus quos soluta veritatis! Architecto fugiat temporibus, fuga maiores libero debitis aspernatur!', 10000, 'voile7.jpg voile8.jpg voile9.jpg voile10.jpg voile11.jpg voile12.jpg', 4, 'dubai'),
(35, 'sacoche chinois', 'Lorem, ipsum dolor sit amet consectetur adipisicing elit. Vero iure placeat omnis maxime facilis cupiditate aliquid dicta ipsa deserunt ad dolorem veniam rerum, quas soluta reprehenderit eum aperiam illo labore.Lorem, ipsum dolor sit amet consectetur adipisicing elit. Vero iure placeat omnis maxime facilis cupiditate aliquid dicta ipsa deserunt ad dolorem veniam rerum, quas soluta reprehenderit eum aperiam illo labore.', 8000, 's21.jpg s22.jpg s23.jpg s24.jpg s25.jpg s26.jpg', 2, 'chine'),
(36, 'sacoche turque', 'Lorem, ipsum dolor sit amet consectetur adipisicing elit. Vero iure placeat omnis maxime facilis cupiditate aliquid dicta ipsa deserunt ad dolorem veniam rerum, quas soluta reprehenderit eum aperiam illo labore.Lorem, ipsum dolor sit amet consectetur adipisicing elit. Vero iure placeat omnis maxime facilis cupiditate aliquid dicta ipsa deserunt ad dolorem veniam rerum, quas soluta reprehenderit eum aperiam illo labore.', 7000, 's31.jpg s32.jpg s33.jpg s34.jpg s35.jpg s36.jpg', 2, 'turque'),
(37, 'sacoche chinois', 'Lorem, ipsum dolor sit amet consectetur adipisicing elit. Vero iure placeat omnis maxime facilis cupiditate aliquid dicta ipsa deserunt ad dolorem veniam rerum, quas soluta reprehenderit eum aperiam illo labore.Lorem, ipsum dolor sit amet consectetur adipisicing elit. Vero iure placeat omnis maxime facilis cupiditate aliquid dicta ipsa deserunt ad dolorem veniam rerum, quas soluta reprehenderit eum aperiam illo labore.', 6000, 's41.jpg s42.jpg s43.jpg s44.jpg s45.jpg s46.jpg', 2, 'chine'),
(38, 'sacoche turque', 'Lorem, ipsum dolor sit amet consectetur adipisicing elit. Vero iure placeat omnis maxime facilis cupiditate aliquid dicta ipsa deserunt ad dolorem veniam rerum, quas soluta reprehenderit eum aperiam illo labore.Lorem, ipsum dolor sit amet consectetur adipisicing elit. Vero iure placeat omnis maxime facilis cupiditate aliquid dicta ipsa deserunt ad dolorem veniam rerum, quas soluta reprehenderit eum aperiam illo labore.', 5500, 's51.jpg s52.jpg s53.jpg s54.jpg s55.jpg s56.jpg', 2, 'turque'),
(39, 'sacoche chinois', 'Lorem, ipsum dolor sit amet consectetur adipisicing elit. Vero iure placeat omnis maxime facilis cupiditate aliquid dicta ipsa deserunt ad dolorem veniam rerum, quas soluta reprehenderit eum aperiam illo labore.Lorem, ipsum dolor sit amet consectetur adipisicing elit. Vero iure placeat omnis maxime facilis cupiditate aliquid dicta ipsa deserunt ad dolorem veniam rerum, quas soluta reprehenderit eum aperiam illo labore.', 8000, 's61.jpg s62.jpg s63.jpg s64.jpg s65.jpg s66.jpg', 2, 'chine'),
(40, 'sacoche chinois', 'Lorem ipsum dolor sit amet consectetur adipisicing elit. Earum, voluptas? Ipsum totam repellendus alias sunt est corporis deleniti quos! Nobis, fuga! Illo similique nam voluptates possimus vero hic dolorem quia!Lorem ipsum dolor sit amet consectetur adipisicing elit. Earum, voluptas? Ipsum totam repellendus alias sunt est corporis deleniti quos! Nobis, fuga! Illo similique nam voluptates possimus vero hic dolorem quia!', 6500, 's71.jpg s72.jpg s73.jpg s74.jpg s75.jpg s76.jpg', 2, 'chine'),
(41, 'sacoche turque', 'Lorem ipsum dolor sit amet consectetur adipisicing elit. Earum, voluptas? Ipsum totam repellendus alias sunt est corporis deleniti quos! Nobis, fuga! Illo similique nam voluptates possimus vero hic dolorem quia!Lorem ipsum dolor sit amet consectetur adipisicing elit. Earum, voluptas? Ipsum totam repellendus alias sunt est corporis deleniti quos! Nobis, fuga! Illo similique nam voluptates possimus vero hic dolorem quia!', 7000, 's81.jpg s82.jpg s83.jpg s84.jpg s85.jpg s86.jpg', 2, 'turque'),
(42, 'sacoche chinois', 'Lorem ipsum dolor sit amet consectetur adipisicing elit. Earum, voluptas? Ipsum totam repellendus alias sunt est corporis deleniti quos! Nobis, fuga! Illo similique nam voluptates possimus vero hic dolorem quia!Lorem ipsum dolor sit amet consectetur adipisicing elit. Earum, voluptas? Ipsum totam repellendus alias sunt est corporis deleniti quos! Nobis, fuga! Illo similique nam voluptates possimus vero hic dolorem quia!', 7000, 's91.jpg s92.jpg s93.jpg s94.jpg s95.jpg s96.jpg', 2, 'chine'),
(43, 'sacoche turque', 'Lorem ipsum dolor sit amet consectetur adipisicing elit. Earum, voluptas? Ipsum totam repellendus alias sunt est corporis deleniti quos! Nobis, fuga! Illo similique nam voluptates possimus vero hic dolorem quia!Lorem ipsum dolor sit amet consectetur adipisicing elit. Earum, voluptas? Ipsum totam repellendus alias sunt est corporis deleniti quos! Nobis, fuga! Illo similique nam voluptates possimus vero hic dolorem quia!', 8000, 's101.jpg s102.jpg s103.jpg s104.jpg s105.jpg s106.jpg', 2, 'turque'),
(44, 'sacoche chinois', 'Lorem ipsum dolor sit amet consectetur adipisicing elit. Earum, voluptas? Ipsum totam repellendus alias sunt est corporis deleniti quos! Nobis, fuga! Illo similique nam voluptates possimus vero hic dolorem quia!Lorem ipsum dolor sit amet consectetur adipisicing elit. Earum, voluptas? Ipsum totam repellendus alias sunt est corporis deleniti quos! Nobis, fuga! Illo similique nam voluptates possimus vero hic dolorem quia!', 7500, 's111.jpg s112.jpg s113.jpg s114.jpg s115.jpg s116.jpg', 2, 'chine'),
(45, 'chaussure turque', 'Lorem ipsum dolor sit amet consectetur adipisicing elit. Modi, odio quas error ad laboriosam cumque delectus itaque inventore similique? Velit sunt ab ullam minima distinctio. Veritatis culpa numquam fugiat natus.Lorem ipsum dolor sit amet consectetur adipisicing elit. Modi, odio quas error ad laboriosam cumque delectus itaque inventore similique? Velit sunt ab ullam minima distinctio. Veritatis culpa numquam fugiat natus.', 20000, 'c11.jpg c12.jpg c13.jpg c14.jpg c15.jpg c16.jpg', 3, 'turque'),
(46, 'chaussure chinois', 'Lorem ipsum dolor sit amet consectetur adipisicing elit. Modi, odio quas error ad laboriosam cumque delectus itaque inventore similique? Velit sunt ab ullam minima distinctio. Veritatis culpa numquam fugiat natus.Lorem ipsum dolor sit amet consectetur adipisicing elit. Modi, odio quas error ad laboriosam cumque delectus itaque inventore similique? Velit sunt ab ullam minima distinctio. Veritatis culpa numquam fugiat natus.', 20000, 'c21.jpg c22.jpg c23.jpg c24.jpg c25.jpg c26.jpg', 3, 'chine'),
(47, 'chaussure turque', 'Lorem ipsum dolor sit amet consectetur adipisicing elit. Mollitia quibusdam molestias deserunt? Possimus officiis soluta voluptates nostrum! Fuga, asperiores ipsa quae animi hic a et sint corporis reprehenderit sunt iusto.Lorem ipsum dolor sit amet consectetur adipisicing elit. Mollitia quibusdam molestias deserunt? Possimus officiis soluta voluptates nostrum! Fuga, asperiores ipsa quae animi hic a et sint corporis reprehenderit sunt iusto.', 25000, 'c31.jpg c32.jpg c33.jpg c34.jpg c35.jpg c36.jpg', 3, 'turque'),
(48, 'chaussure chinois', 'Lorem ipsum dolor sit amet consectetur adipisicing elit. Mollitia quibusdam molestias deserunt? Possimus officiis soluta voluptates nostrum! Fuga, asperiores ipsa quae animi hic a et sint corporis reprehenderit sunt iusto.Lorem ipsum dolor sit amet consectetur adipisicing elit. Mollitia quibusdam molestias deserunt? Possimus officiis soluta voluptates nostrum! Fuga, asperiores ipsa quae animi hic a et sint corporis reprehenderit sunt iusto.', 20000, 'c41.jpg c42.jpg c43.jpg c44.jpg c45.jpg c46.jpg', 3, 'chine'),
(49, 'chaussure chinois', 'Lorem ipsum dolor sit amet consectetur adipisicing elit. Mollitia quibusdam molestias deserunt? Possimus officiis soluta voluptates nostrum! Fuga, asperiores ipsa quae animi hic a et sint corporis reprehenderit sunt iusto.Lorem ipsum dolor sit amet consectetur adipisicing elit. Mollitia quibusdam molestias deserunt? Possimus officiis soluta voluptates nostrum! Fuga, asperiores ipsa quae animi hic a et sint corporis reprehenderit sunt iusto.', 20000, 'c51.jpg c52.jpg c53.jpg c54.jpg c55.jpg c56.jpg', 3, 'chine'),
(50, 'chaussure turque', 'Lorem ipsum dolor sit amet consectetur adipisicing elit. Mollitia quibusdam molestias deserunt? Possimus officiis soluta voluptates nostrum! Fuga, asperiores ipsa quae animi hic a et sint corporis reprehenderit sunt iusto.Lorem ipsum dolor sit amet consectetur adipisicing elit. Mollitia quibusdam molestias deserunt? Possimus officiis soluta voluptates nostrum! Fuga, asperiores ipsa quae animi hic a et sint corporis reprehenderit sunt iusto.', 30000, 'c61.jpg c62.jpg c63.jpg c64.jpg c65.jpg c66.jpg', 3, 'turque'),
(51, 'chaussure chinois', 'Lorem ipsum dolor sit amet consectetur adipisicing elit. Mollitia quibusdam molestias deserunt? Possimus officiis soluta voluptates nostrum! Fuga, asperiores ipsa quae animi hic a et sint corporis reprehenderit sunt iusto.Lorem ipsum dolor sit amet consectetur adipisicing elit. Mollitia quibusdam molestias deserunt? Possimus officiis soluta voluptates nostrum! Fuga, asperiores ipsa quae animi hic a et sint corporis reprehenderit sunt iusto.', 25000, 'c71.jpg c72.jpg c73.jpg c74.jpg c75.jpg c76.jpg', 3, 'chine'),
(52, 'chaussure chinois', 'Lorem ipsum dolor sit amet consectetur adipisicing elit. Mollitia quibusdam molestias deserunt? Possimus officiis soluta voluptates nostrum! Fuga, asperiores ipsa quae animi hic a et sint corporis reprehenderit sunt iusto.Lorem ipsum dolor sit amet consectetur adipisicing elit. Mollitia quibusdam molestias deserunt? Possimus officiis soluta voluptates nostrum! Fuga, asperiores ipsa quae animi hic a et sint corporis reprehenderit sunt iusto.', 45000, 'c81.jpg c82.jpg c83.jpg c84.jpg c85.jpg c86.jpg', 3, 'chine'),
(53, 'chaussure turque', 'Lorem ipsum dolor sit amet consectetur adipisicing elit. Mollitia quibusdam molestias deserunt? Possimus officiis soluta voluptates nostrum! Fuga, asperiores ipsa quae animi hic a et sint corporis reprehenderit sunt iusto.Lorem ipsum dolor sit amet consectetur adipisicing elit. Mollitia quibusdam molestias deserunt? Possimus officiis soluta voluptates nostrum! Fuga, asperiores ipsa quae animi hic a et sint corporis reprehenderit sunt iusto.', 30000, 'c91.jpg c92.jpg c93.jpg c94.jpg c95.jpg c96.jpg', 3, 'turque'),
(54, 'chaussure chinois', 'Lorem ipsum dolor sit amet consectetur adipisicing elit. Mollitia quibusdam molestias deserunt? Possimus officiis soluta voluptates nostrum! Fuga, asperiores ipsa quae animi hic a et sint corporis reprehenderit sunt iusto.Lorem ipsum dolor sit amet consectetur adipisicing elit. Mollitia quibusdam molestias deserunt? Possimus officiis soluta voluptates nostrum! Fuga, asperiores ipsa quae animi hic a et sint corporis reprehenderit sunt iusto.', 30000, 'c101.jpg c102.jpg c103.jpg c104.jpg c105.jpg c106.jpg', 3, 'chine'),
(55, 'chaussure turque', 'Lorem ipsum dolor sit amet consectetur adipisicing elit. Mollitia quibusdam molestias deserunt? Possimus officiis soluta voluptates nostrum! Fuga, asperiores ipsa quae animi hic a et sint corporis reprehenderit sunt iusto.Lorem ipsum dolor sit amet consectetur adipisicing elit. Mollitia quibusdam molestias deserunt? Possimus officiis soluta voluptates nostrum! Fuga, asperiores ipsa quae animi hic a et sint corporis reprehenderit sunt iusto.', 25000, 'c111.jpg c112.jpg c113.jpg c114.jpg c115.jpg c116.jpg', 3, 'turque'),
(56, 'chaussure chinois', 'Lorem ipsum dolor sit amet consectetur adipisicing elit. Mollitia quibusdam molestias deserunt? Possimus officiis soluta voluptates nostrum! Fuga, asperiores ipsa quae animi hic a et sint corporis reprehenderit sunt iusto.Lorem ipsum dolor sit amet consectetur adipisicing elit. Mollitia quibusdam molestias deserunt? Possimus officiis soluta voluptates nostrum! Fuga, asperiores ipsa quae animi hic a et sint corporis reprehenderit sunt iusto.', 20000, 'c121.jpg c122.jpg c123.jpg c124.jpg c125.jpg c126.jpg', 3, 'chine'),
(59, 'foulard homme', 'tetur adipisicing elit. Repellendus laborum deleniti voluptatibus, fuga inventore ad pariatur reprehenderit soluta illo minus vitae sunt quae quia id tenetur perferendis molestiae provident similique?tetur adipisicing elit. Repellendus laborum deleniti voluptatibus, fuga inventore ad pariatur reprehenderit soluta illo minus vitae sunt quae quia id tenetur perferendis molestiae provident similique?tetur adipisicing elit. Repellendus laborum deleniti voluptatibus, fuga inventore ad pariatur reprehenderit soluta illo minus vitae sunt quae quia id tenetur perferendis molestiae provident similique?', 9900, 'vi91.jpg vi92.jpg vi93.jpg vi94.jpg vi95.jpg vi96.jpg', 4, 'turque'),
(60, 'foulard homme', 'tetur adipisicing elit. Repellendus laborum deleniti voluptatibus, fuga inventore ad pariatur reprehenderit soluta illo minus vitae sunt quae quia id tenetur perferendis molestiae provident similique?tetur adipisicing elit. Repellendus laborum deleniti voluptatibus, fuga inventore ad pariatur reprehenderit soluta illo minus vitae sunt quae quia id tenetur perferendis molestiae provident similique?', 9990, 'vi101.jpg vi102.jpg vi103.jpg vi104.jpg vi105.jpg vi106.jpg', 4, 'turque'),
(61, 'foulard homme', 'tetur adipisicing elit. Repellendus laborum deleniti voluptatibus, fuga inventore ad pariatur reprehenderit soluta illo minus vitae sunt quae quia id tenetur perferendis molestiae provident similique?tetur adipisicing elit. Repellendus laborum deleniti voluptatibus, fuga inventore ad pariatur reprehenderit soluta illo minus vitae sunt quae quia id tenetur perferendis molestiae provident similique?', 9990, 'vi111.jpg vi112.jpg vi113.jpg vi114.jpg vi115.jpg vi116.jpg', 4, 'turque'),
(64, 'voile turque', 'tetur adipisicing elit. Repellendus laborum deleniti voluptatibus, fuga inventore ad pariatur reprehenderit soluta illo minus vitae sunt quae quia id tenetur perferendis molestiae provident similique?tetur adipisicing elit. Repellendus laborum deleniti voluptatibus, fuga inventore ad pariatur reprehenderit soluta illo minus vitae sunt quae quia id tenetur perferendis molestiae provident similique?', 10000, 'vi51.jpg vi52.jpg vi53.jpg vi54.jpg vi55.jpg vi56.jpg', 4, 'turque'),
(65, 'voile chinois', 'tetur adipisicing elit. Repellendus laborum deleniti voluptatibus, fuga inventore ad pariatur reprehenderit soluta illo minus vitae sunt quae quia id tenetur perferendis molestiae provident similique?tetur adipisicing elit. Repellendus laborum deleniti voluptatibus, fuga inventore ad pariatur reprehenderit soluta illo minus vitae sunt quae quia id tenetur perferendis molestiae provident similique?', 7500, 'vi61.jpg vi62.jpg vi63.jpg vi64.jpg vi65.jpg vi66.jpg', 4, 'chine'),
(66, 'voile turque', 'tetur adipisicing elit. Repellendus laborum deleniti voluptatibus, fuga inventore ad pariatur reprehenderit soluta illo minus vitae sunt quae quia id tenetur perferendis molestiae provident similique?tetur adipisicing elit. Repellendus laborum deleniti voluptatibus, fuga inventore ad pariatur reprehenderit soluta illo minus vitae sunt quae quia id tenetur perferendis molestiae provident similique?', 10000, 'vi71.jpg vi72.jpg vi73.jpg vi74.jpg vi75.jpg vi76.jpg', 4, 'turque'),
(67, 'voile chinois', 'tetur adipisicing elit. Repellendus laborum deleniti voluptatibus, fuga inventore ad pariatur reprehenderit soluta illo minus vitae sunt quae quia id tenetur perferendis molestiae provident similique?tetur adipisicing elit. Repellendus laborum deleniti voluptatibus, fuga inventore ad pariatur reprehenderit soluta illo minus vitae sunt quae quia id tenetur perferendis molestiae provident similique?', 8000, 'vi81.jpg vi82.jpg vi83.jpg vi84.jpg vi85.jpg vi86.jpg', 4, 'chine'),
(68, 'voile turque', 'tetur adipisicing elit. Repellendus laborum deleniti voluptatibus, fuga inventore ad pariatur reprehenderit soluta illo minus vitae sunt quae quia id tenetur perferendis molestiae provident similique?tetur adipisicing elit. Repellendus laborum deleniti voluptatibus, fuga inventore ad pariatur reprehenderit soluta illo minus vitae sunt quae quia id tenetur perferendis molestiae provident similique?', 10000, 'vi121.jpg vi122.jpg vi123.jpg vi124.jpg vi125.jpg vi126.jpg', 4, 'turque');

-- --------------------------------------------------------

--
-- Structure de la table `utilisateur`
--

CREATE TABLE IF NOT EXISTS `utilisateur` (
  `idUtilisateur` int(11) NOT NULL AUTO_INCREMENT,
  `email` varchar(255) NOT NULL,
  `mot_de_passe` varchar(255) NOT NULL,
  `nom` varchar(255) NOT NULL,
  `prenom` varchar(255) NOT NULL,
  `date_de_naissaance` date NOT NULL,
  PRIMARY KEY (`idUtilisateur`)
) ENGINE=MyISAM  DEFAULT CHARSET=latin1 AUTO_INCREMENT=8 ;

--
-- Contenu de la table `utilisateur`
--

INSERT INTO `utilisateur` (`idUtilisateur`, `email`, `mot_de_passe`, `nom`, `prenom`, `date_de_naissaance`) VALUES
(1, 'bamba@gmail.com', 'bamba05', 'DIENG', 'Ama', '2022-12-15'),
(2, 'mamekhady@gmail.com', 'o1234', 'Diongue', 'Khady', '2022-12-16'),
(3, 'Bamba@gmail.com', 'hhhh9', 'DIENG', 'BAMBA', '2022-12-14'),
(4, 'bamba@gmail.com', 'ama0512', 'DIENG', 'AMA', '2022-12-29'),
(5, 'bamba@gmail.com', 'bamba05', 'DIENG', 'Ahmadou', '2022-12-15'),
(6, 'bamba@gmail.com', 'bamba05', 'DIENG', 'Ahmadou', '2022-12-15'),
(7, 'mame@gmail.com', '1234', 'Diongue', 'Mame', '2022-12-22');
